,x,y
A133,8.019,121.68
A137,7.986,123.501
A157,7.919,127.193
A164,9.086,126.021
A167,9.13,134.262
A173,7.894,123.439
A182,7.461,114.943
A184,8.347,120.83
A195,8.547,119.844
A216,9.405,124.859
A234,8.133,123.734
A252,8.773,123.524
D124,8.81,121.857
D129,7.42,119.817
D131,8.336,118.435
D158,8.005,121.359
D175,8.231,116.392
D194,8.247,122.525
D198,8.109,123.021
D200,9.008,119.449
D231,8.912,126.628
D244,7.807,118.892
D253,8.213,117.671
D254,7.425,118.951
E128,9.069,116.249
E199,9.468,130.695
E201,7.373,116.733
E219,8.807,115.033
F138,7.705,114.368
F149,8.179,119.515
F163,8.54,125.736
F174,7.911,119.804
F185,8.008,120.728
F197,9.137,122.947
F202,8.397,126.38
F213,9.217,120.59
F237,7.943,127.513
F248,7.177,123.177
G155,8.267,109.737
G166,9.485,108.213
G176,8.747,110.12
G178,11.076,121.557
G179,8.456,110.529
G186,8.204,105.457
G188,5.624,106.807
G190,8.947,112.262
G192,7.608,106.091
G193,7.834,119.631
G208,9.551,115.291
G209,7.89,108.233
G221,7.485,108.121
G225,8.113,106.593
G227,8.299,109.897
G257,8.281,106.836
G263,8.082,115.814
H112,8.314,114.645
H168,9.223,120.78
H172,7.484,120.956
H183,9.254,114.588
H196,9.274,121.548
H206,7.964,122.654
H218,6.891,117.826
H222,7.099,119.764
H228,8.405,115.193
I114,8.253,128.577
I118,9.127,127.113
I134,8.013,114.007
I152,8.698,123.536
I159,8.893,124.282
I180,10.662,132.036
I191,8.958,133.892
I220,8.802,114.911
I245,7.745,124.19
I255,7.922,118.847
I258,8.607,123.613
K111,7.49,116.054
K136,8.479,119.032
K148,8.122,122.507
K151,8.08,127.738
K177,8.664,124.196
K233,8.227,116.732
K241,7.441,127.034
L147,6.897,116.472
L160,7.533,130.123
L181,9.392,130.564
L212,8.57,131.681
L214,8.922,118.039
L224,7.799,114.447
L226,8.229,121.25
L250,8.093,121.312
L261,6.931,119.075
M125,6.899,113.255
M156,8.191,119.142
M236,7.587,115.268
N119,9.655,128.636
N120,7.756,113.324
N126,8.861,118.717
N143,7.964,115.247
N153,8.752,119.42
N211,8.425,125.723
N246,8.482,118.261
Q139,8.011,118.963
Q259,8.66,123.527
R110,9.229,124.83
R117,8.318,119.068
R127,8.914,126.019
R135,8.189,119.749
R165,8.757,118.02
R249,7.109,126.342
R256,8.503,119.292
S142,9.044,118.494
S150,8.039,116.609
S189,8.334,114.571
S207,7.927,114.564
S223,8.386,121.055
S229,7.087,114.336
S230,8.755,119.809
S251,8.861,118.241
S260,7.896,115.49
T115,9.201,117.391
T122,8.504,114.562
T145,7.419,110.339
T154,7.424,111.77
T204,8.264,109.66
T205,8.255,110.069
T210,9.136,124.656
T215,7.546,115.118
T239,6.361,111.172
T247,7.537,109.337
V108,7.216,110.487
V130,7.714,124.034
V140,7.614,117.475
V144,7.116,106.503
V161,8.735,125.408
V162,8.724,126.824
V217,8.255,117.886
V235,11.315,131.365
V243,5.868,124.342
W109,8.181,122.973
W141,6.689,116.882
W203,9.162,131.498
Y113,6.953,120.312
Y116,8.587,117.451
Y121,6.93,116.951
Y132,8.088,119.664
Y240,8.247,127.58
Y242,8.457,122.961
Y262,7.627,114.351
