ResidueKey;x;y;order;assigned_to;est_shift;real_shift;pred_x;pred_y;target_x;target_y
V108;7.216;110.48700000000001;108;L147;0.0297999999999996;-1.0;7.188;110.538;;
W109;8.181000000000001;122.973;109;D200;0.09708243919474036;-1.0;8.126;122.573;;
R110;9.229;124.83;110;T210;0.11406384177292923;2.495457841759704;9.133;125.13799999999999;7.4879999999999995;115.891
K111;7.49;116.054;111;R110;0.032661292074869196;-1.0;7.4879999999999995;115.891;;
H112;8.314;114.645;112;na;-1.0;-1.0;;;;
Y113;6.952999999999999;120.31200000000001;113;Y113;0.07735864528286474;0.07735864528286474;6.898;120.04;6.898;120.04
I114;8.253;128.577;114;I114;0.01796218249545281;0.01796218249545281;8.242;128.506;8.242;128.506
T115;9.201;117.391;115;T115;0.038380203230312396;0.038380203230312396;9.164;117.34;9.164;117.34
Y116;8.587;117.45100000000001;116;Y116;0.012191800523301863;0.012191800523301863;8.579;117.405;8.579;117.405
R117;8.318;119.068;117;R117;0.036000555551268514;0.036000555551268514;8.354;119.069;8.354;119.069
I118;9.127;127.113;118;I118;0.020689127579480104;0.020689127579480104;9.121;127.212;9.121;127.212
N119;9.655;128.636;119;N119;0.015005332385521016;0.015005332385521016;9.64;128.634;9.64;128.634
N120;7.756;113.324;120;N120;0.04341151920861392;0.04341151920861392;7.755;113.10700000000001;7.755;113.10700000000001
Y121;6.93;116.95100000000001;121;D254;0.5909973265590983;1.6713525181720341;7.397;118.762;8.558;115.06
T122;8.504;114.56200000000001;122;Y121;0.11329677841845191;0.49739565739961816;8.558;115.06;8.068999999999999;115.76799999999999
D124;8.81;121.85700000000001;124;D124;0.03051819129634129;0.03051819129634129;8.78;121.885;8.78;121.885
M125;6.899;113.255;125;M125;0.01916350698593581;0.01916350698593581;6.893;113.346;6.893;113.346
N126;8.861;118.71700000000001;126;N126;0.016004999218994037;0.016004999218994037;8.845;118.715;8.845;118.715
R127;8.914;126.01899999999999;127;R127;0.024904618045659306;0.024904618045659306;8.931000000000001;126.11;8.931000000000001;126.11
E128;9.068999999999999;116.249;128;E128;0.020248456731316682;0.020248456731316682;9.08;116.164;9.08;116.164
D129;7.42;119.81700000000001;129;D129;0.014235167719418303;0.014235167719418303;7.421;119.88799999999999;7.421;119.88799999999999
V130;7.7139999999999995;124.03399999999999;130;V130;0.0029732137494617905;0.0029732137494617905;7.712000000000001;124.023;7.712000000000001;124.023
D131;8.336;118.435;131;V217;0.02220360331117501;0.007863841300534517;8.349;118.525;8.335;118.396
Y132;8.088;119.664;132;Y132;0.020742227459943457;0.020742227459943457;8.104;119.73;8.104;119.73
A133;8.019;121.68;133;D171;0.04266427076606678;0.06640752969355365;8.0;121.48899999999999;8.017999999999999;121.348
I134;8.013;114.007;134;I134;0.017709884245812723;0.017709884245812723;8.021;113.928;8.021;113.928
R135;8.189;119.749;135;R135;0.04508480897153538;0.04508480897153538;8.229;119.853;8.229;119.853
K136;8.479;119.03200000000001;136;K136;0.02549509756796129;0.02549509756796129;8.498;119.117;8.498;119.117
A137;7.986000000000001;123.501;137;A137;0.01919270694821157;0.01919270694821157;8.002;123.554;8.002;123.554
F138;7.705;114.368;138;L224;0.04521106059362114;0.023671924298627665;7.671;114.219;7.728;114.34
Q139;8.011000000000001;118.963;139;Q139;0.032378387853626164;0.032378387853626164;8.04;119.035;8.04;119.035
V140;7.614;117.475;140;V140;0.03347177915797038;0.03347177915797038;7.598;117.32799999999999;7.598;117.32799999999999
W141;6.689;116.882;141;W141;0.009002221947940961;0.009002221947940961;6.6979999999999995;116.881;6.6979999999999995;116.881
S142;9.044;118.494;142;S142;0.01467514906227757;0.01467514906227757;9.03;118.516;9.03;118.516
N143;7.9639999999999995;115.24700000000001;143;I255;0.7261666199984659;0.05237709423020674;7.903;118.865;7.914;115.325
V144;7.1160000000000005;106.50299999999999;144;V144;0.00575847201955028;0.00575847201955028;7.114;106.476;7.114;106.476
T145;7.419;110.339;145;T145;0.005546169849545377;0.005546169849545377;7.414;110.351;7.414;110.351
L147;6.897;116.47200000000001;147;na;-1.0;1.2219554983713654;;;7.188;110.538
K148;8.122;122.507;148;K148;0.015264337522473201;0.015264337522473201;8.135;122.46700000000001;8.135;122.46700000000001
F149;8.179;119.515;149;F149;0.005099019513593094;0.005099019513593094;8.174;119.51;8.174;119.51
S150;8.039;116.609;150;S150;0.015331014317389396;0.015331014317389396;8.037;116.685;8.037;116.685
K151;8.08;127.738;151;K151;0.008236504112787141;0.008236504112787141;8.084;127.70200000000001;8.084;127.70200000000001
I152;8.698;123.536;152;I152;0.0492544414240984;0.0492544414240984;8.703;123.781;8.703;123.781
N153;8.752;119.42;153;S230;0.10049497499875112;0.1012948172415544;8.779;119.904;8.762;119.92399999999999
T154;7.4239999999999995;111.77;154;T154;0.016999999999999304;0.016999999999999304;7.409;111.73;7.409;111.73
G155;8.267000000000001;109.73700000000001;155;G227;0.049626202756206834;0.023421357774474502;8.219;109.8;8.267999999999999;109.854
M156;8.191;119.14200000000001;156;M156;0.02957431317883632;0.02957431317883632;8.174;119.26299999999999;8.174;119.26299999999999
A157;7.919;127.193;157;A157;0.021967248348393607;0.021967248348393607;7.931;127.101;7.931;127.101
D158;8.005;121.359;158;D158;0.01070700705146;0.01070700705146;7.996;121.38799999999999;7.996;121.38799999999999
I159;8.892999999999999;124.28200000000001;159;I159;0.06140032573203294;0.06140032573203294;8.832;124.24700000000001;8.832;124.24700000000001
L160;7.5329999999999995;130.123;160;L160;0.05536244214266592;0.05536244214266592;7.586;130.043;7.586;130.043
V161;8.735;125.40799999999999;161;V161;0.009693296652840298;0.009693296652840298;8.726;125.39;8.726;125.39
V162;8.724;126.824;162;V162;0.0743034319530382;0.0743034319530382;8.789;127.00399999999999;8.789;127.00399999999999
F163;8.54;125.736;163;N211;0.0853203375520782;0.1685022255045903;8.488999999999999;125.39399999999999;8.372;125.671
A164;9.086;126.021;164;A164;0.031704258389055856;0.031704258389055856;9.095;125.869;9.095;125.869
R165;8.757;118.02;165;R165;0.03357439500571916;0.03357439500571916;8.762;118.186;8.762;118.186
G166;9.485;108.213;166;G166;0.03296118929892881;0.03296118929892881;9.454;108.15700000000001;9.454;108.15700000000001
A167;9.13;134.262;167;A167;0.027496181553080132;0.027496181553080132;9.157;134.28799999999998;9.157;134.28799999999998
H168;9.222999999999999;120.78;168;H196;0.23546761985462206;0.2545964650186654;9.344;121.79;9.341000000000001;121.90799999999999
H172;7.484;120.956;172;H206;0.046560068728471474;0.16331025687323222;7.53;120.992;7.49;120.14
A173;7.894;123.439;173;S207;0.4155538472929834;0.030782462539568286;7.481;123.669;7.914;123.322
F174;7.9110000000000005;119.804;174;A184;0.009433981132055801;0.04116017492674432;7.916;119.844;7.932;119.98100000000001
D175;8.231;116.39200000000001;175;D175;0.013595587519485962;0.013595587519485962;8.237;116.331;8.237;116.331
G176;8.747;110.12;176;G176;0.048183399630993363;0.048183399630993363;8.795;110.141;8.795;110.141
K177;8.664;124.196;177;K177;0.021954498400101656;0.021954498400101656;8.683;124.251;8.683;124.251
G178;11.075999999999999;121.557;178;G178;0.32523923502554175;0.32523923502554175;10.757;121.24;10.757;121.24
G179;8.456;110.529;179;G179;0.044045885165361405;0.044045885165361405;8.437999999999999;110.73;8.437999999999999;110.73
I180;10.662;132.036;180;F185;1.2628781255528978;0.46849478118758026;11.914000000000001;131.209;10.61;129.708
L181;9.392000000000001;130.564;181;E201;0.01751456536714708;1.0636659061942348;9.394;130.651;8.443;128.162
A182;7.461;114.943;182;A182;0.11012610952902956;0.11012610952902956;7.394;114.506;7.394;114.506
H183;9.254;114.588;183;H183;0.438456656922892;0.438456656922892;9.238999999999999;116.779;9.238999999999999;116.779
A184;8.347000000000001;120.83;184;L250;0.26179258965830265;0.47397134934508617;8.089;121.052;7.916;119.844
F185;8.008;120.728;185;E199;0.047038707465233254;4.432932487642918;8.033999999999999;120.53200000000001;11.914000000000001;131.209
G186;8.204;105.45700000000001;186;G186;0.04546163217483434;0.04546163217483434;8.162;105.37;8.162;105.37
G188;5.624;106.807;188;G188;0.025096613317338475;0.025096613317338475;5.649;106.818;5.649;106.818
S189;8.334;114.571;189;S189;0.02209072203437643;0.02209072203437643;8.332;114.461;8.332;114.461
G190;8.947000000000001;112.262;190;G190;0.04033906295391573;0.04033906295391573;8.911;112.353;8.911;112.353
I191;8.958;133.892;191;I191;0.0210085696800131;0.0210085696800131;8.937000000000001;133.895;8.937000000000001;133.895
G192;7.608;106.09100000000001;192;G192;0.014142135623730524;0.014142135623730524;7.593999999999999;106.101;7.593999999999999;106.101
G193;7.834;119.631;193;G193;0.02392404648047567;0.02392404648047567;7.812;119.584;7.812;119.584
D194;8.247;122.525;194;D194;0.02312487837805803;0.02312487837805803;8.27;122.537;8.27;122.537
A195;8.547;119.844;195;A195;0.04668361596963014;0.04668361596963014;8.591000000000001;119.766;8.591000000000001;119.766
H196;9.274;121.54799999999999;196;H168;0.0983514107677193;0.08510323143101248;9.341000000000001;121.90799999999999;9.344;121.79
F197;9.137;122.947;197;F197;0.04071412531296849;0.04071412531296849;9.126;122.751;9.126;122.751
D198;8.109;123.021;198;A173;0.2040809643254371;0.3844385516568283;7.914;123.322;8.012;121.161
E199;9.468;130.695;199;I180;1.15893518369234;2.4875326651121585;10.61;129.708;8.033999999999999;120.53200000000001
D200;9.008;119.449;200;F202;0.026194655943531955;1.0808788276212997;9.017000000000001;119.32600000000001;8.126;122.573
E201;7.372999999999999;116.73299999999999;201;W203;0.027356169322477003;3.439893887898291;7.355;116.836;9.394;130.651
F202;8.397;126.38;202;T204;0.03869160115580701;1.5410245423094326;8.363999999999999;126.279;9.017000000000001;119.32600000000001
W203;9.162;131.498;203;Y240;0.7293236867125582;3.4444475260918095;9.047;127.897;7.355;116.836
T204;8.264;109.66;204;Y262;0.09959799194762801;3.3253039620461786;8.167;109.54700000000001;8.363999999999999;126.279
T205;8.255;110.069;205;G263;0.021400934559031127;2.5734358822399255;8.267999999999999;110.154;7.922000000000001;122.82799999999999
H206;7.9639999999999995;122.654;206;T205;0.054543927251342154;0.5466678699173743;7.922000000000001;122.82799999999999;7.53;120.992
S207;7.9270000000000005;114.564;207;N143;0.15275418161216167;1.8748218582041352;7.914;115.325;7.481;123.669
G208;9.551;115.291;208;G208;0.04512826165497612;0.04512826165497612;9.506;115.30799999999999;9.506;115.30799999999999
G209;7.89;108.23299999999999;209;G209;0.047383119357001846;0.047383119357001846;7.85;108.10600000000001;7.85;108.10600000000001
T210;9.136000000000001;124.656;210;S223;0.5856423823460887;0.09644666920116965;8.76;122.411;9.133;125.13799999999999
N211;8.425;125.723;211;F163;0.054010739672773415;0.09179128498937233;8.372;125.671;8.488999999999999;125.39399999999999
L212;8.57;131.681;212;L212;0.021744884455892403;0.021744884455892403;8.552;131.74200000000002;8.552;131.74200000000002
F213;9.217;120.59;213;F213;0.07195248432125517;0.07195248432125517;9.187000000000001;120.26299999999999;9.187000000000001;120.26299999999999
L214;8.922;118.039;214;S251;0.051662365412358247;0.0909210646660049;8.884;118.214;8.849;118.31
T215;7.546;115.118;215;T239;0.2980153687312148;0.5543013620766241;7.672999999999999;116.46600000000001;7.341;112.54299999999999
A216;9.405;124.859;216;A216;0.14728598032399093;0.14728598032399093;9.377;124.13600000000001;9.377;124.13600000000001
V217;8.255;117.88600000000001;217;D131;0.1296302433847907;0.15864690353108074;8.335;118.396;8.349;118.525
H218;6.891;117.82600000000001;218;H218;0.10653712967787288;0.10653712967787288;6.982;118.103;6.982;118.103
E219;8.807;115.03299999999999;219;I220;0.6032696246289917;0.13291335523565645;8.947000000000001;117.96700000000001;8.827;115.69
I220;8.802;114.911;220;E219;0.15779302899684697;0.6281643415540276;8.827;115.69;8.947000000000001;117.96700000000001
G221;7.485;108.12100000000001;221;G221;0.03202249209539967;0.03202249209539967;7.515;108.177;7.515;108.177
H222;7.099;119.764;222;H222;0.024166091947190892;0.024166091947190892;7.109;119.654;7.109;119.654
S223;8.386000000000001;121.055;223;L226;0.029154759474228624;0.46197991298323493;8.371;120.93;8.76;122.411
L224;7.7989999999999995;114.447;224;F138;0.0741549728608942;0.13587994701205972;7.728;114.34;7.671;114.219
G225;8.113;106.59299999999999;225;G225;0.02765863337187971;0.02765863337187971;8.131;106.698;8.131;106.698
L226;8.229;121.25;226;D198;0.21772882216187983;0.15575621977950144;8.012;121.161;8.371;120.93
G227;8.299;109.897;227;G155;0.03217079420841298;0.08231864916287225;8.267999999999999;109.854;8.219;109.8
H228;8.405;115.193;228;H228;0.10083431955440422;0.10083431955440422;8.367;115.66;8.367;115.66
S229;7.087000000000001;114.336;229;S229;0.24447298419252858;0.24447298419252858;6.843;114.26;6.843;114.26
S230;8.755;119.809;230;N153;0.024041630560342222;0.030610455730026232;8.762;119.92399999999999;8.779;119.904
D231;8.912;126.62799999999999;231;D231;0.024003333101885217;0.024003333101885217;8.89;126.676;8.89;126.676
K233;8.227;116.73200000000001;233;K233;0.05348682080662631;0.05348682080662631;8.174;116.696;8.174;116.696
A234;8.133;123.734;234;A234;0.018427153876819657;0.018427153876819657;8.132;123.64200000000001;8.132;123.64200000000001
V235;11.315;131.365;235;V235;0.15522744602679162;0.15522744602679162;11.47;131.32299999999998;11.47;131.32299999999998
M236;7.587000000000001;115.26799999999999;236;M236;0.04771959765128097;0.04771959765128097;7.619;115.445;7.619;115.445
F237;7.943;127.51299999999999;237;F237;0.20269474586184968;0.20269474586184968;8.054;128.361;8.054;128.361
T239;6.361000000000001;111.17200000000001;239;na;-1.0;1.6859423003175402;;;7.672999999999999;116.46600000000001
Y240;8.247;127.58;240;L181;0.22795824179002702;0.8025082927920442;8.443;128.162;9.047;127.897
K241;7.441;127.03399999999999;241;K241;0.7118432692664879;0.7118432692664879;7.8839999999999995;129.82;7.8839999999999995;129.82
Y242;8.457;122.961;242;Y242;0.22391569842242215;0.22391569842242215;8.513;124.045;8.513;124.045
V243;5.867999999999999;124.34200000000001;243;V243;0.12374958585789224;0.12374958585789224;5.745;124.274;5.745;124.274
D244;7.807;118.89200000000001;244;D244;0.01727541605866355;0.01727541605866355;7.801;118.973;7.801;118.973
I245;7.745;124.19;245;I245;0.08551046719554059;0.08551046719554059;7.734;124.61399999999999;7.734;124.61399999999999
N246;8.482000000000001;118.26100000000001;246;N246;0.03008321791298233;0.03008321791298233;8.49;118.406;8.49;118.406
T247;7.537000000000001;109.337;247;T247;0.006799999999998468;0.006799999999998468;7.542999999999999;109.321;7.542999999999999;109.321
F248;7.1770000000000005;123.177;248;F248;0.019543796969881913;0.019543796969881913;7.183;123.27;7.183;123.27
R249;7.109;126.34200000000001;249;R249;0.03801315561750024;0.03801315561750024;7.11;126.152;7.11;126.152
L250;8.093;121.31200000000001;250;A133;0.07534480738577891;0.0521536192416243;8.017999999999999;121.348;8.089;121.052
S251;8.861;118.241;251;L214;0.01828770078495396;0.02362541004935078;8.849;118.31;8.884;118.214
A252;8.773;123.524;252;A252;0.005946427498930033;0.005946427498930033;8.769;123.546;8.769;123.546
D253;8.213;117.671;253;D253;0.007467261881039082;0.007467261881039082;8.206;117.65799999999999;8.206;117.65799999999999
D254;7.425;118.95100000000001;254;H172;0.24652350800683973;0.047040833325952366;7.49;120.14;7.397;118.762
I255;7.922000000000001;118.84700000000001;255;F174;0.22702035151060873;0.019338045402781258;7.932;119.98100000000001;7.903;118.865
R256;8.503;119.292;256;R256;0.01453822547630752;0.01453822547630752;8.505;119.22;8.505;119.22
G257;8.281;106.836;257;G257;0.03146680790928838;0.03146680790928838;8.25;106.809;8.25;106.809
I258;8.607000000000001;123.613;258;I258;0.012240914998479572;0.012240914998479572;8.606;123.552;8.606;123.552
Q259;8.66;123.527;259;Q259;0.03453983207834175;0.03453983207834175;8.628;123.462;8.628;123.462
S260;7.896;115.49;260;S260;0.010384603988597687;0.010384603988597687;7.886;115.50399999999999;7.886;115.50399999999999
L261;6.931;119.075;261;L261;0.016011246047700444;0.016011246047700444;6.915;119.072;6.915;119.072
Y262;7.627000000000001;114.351;262;T215;0.461032059622758;1.1021509152561628;7.341;112.54299999999999;8.167;109.54700000000001
G263;8.082;115.814;263;T122;0.01592607924129606;1.147179149043424;8.068999999999999;115.76799999999999;8.267999999999999;110.154
